#CHROM	POS	ID	REF	ALT	INFO
11	15807367	.	C	T	Samples=9
11	15807403	.	A	G	Samples=1d
11	15807421	.	C	T	Samples=11
11	15807433	.	A	T	Samples=11
11	15807437	.	A	C	Samples=26
11	15807475	.	G	C	Samples=50
11	15807484	.	A	C	Samples=26
11	15807485	.	C	T	Samples=26
11	15807504	.	T	A	Samples=50
11	15807510	.	T	G	Samples=50
11	15807523	.	C	G	Samples=50
11	15807526	.	C	T	Samples=50
11	15807540	.	A	G	Samples=50
11	15807571	.	T	C	Samples=50
11	15807584	.	G	T	Samples=50
11	15807615	.	G	A	Samples=11
11	15807615	.	G	T	Samples=50
11	15807643	.	C	T	Samples=50
11	15807644	.	T	G	Samples=50
11	15807693	.	G	A	Samples=50
11	15807759	.	C	G	Samples=4
11	15807760	.	C	G	Samples=1d
11	15807768	.	C	T	Samples=1d,26
11	15807781	.	C	T	Samples=4,11
11	15807797	.	G	C	Samples=50
11	15807830	.	G	T	Samples=4,11
11	15807838	.	A	G	Samples=26
11	15807845	.	G	A	Samples=1d,26
11	15807850	.	G	C	Samples=4,26,11
11	15807864	.	C	T	Samples=50
11	15807872	.	A	C	Samples=4
11	15807886	.	G	C	Samples=26
11	15807887	.	A	C	Samples=26
11	15807893	.	A	T	Samples=26
11	15807911	.	A	G	Samples=4
11	15807915	.	G	T	Samples=26
11	15807916	.	T	A	Samples=1d
11	15807917	.	T	C	Samples=1d
11	15807918	.	G	A	Samples=1d
11	15807919	.	T	A	Samples=4,11
11	15807920	.	T	A	Samples=1d
11	15807932	.	A	C	Samples=4,11
11	15807949	.	T	G	Samples=26
11	15807960	.	T	C	Samples=4
11	15807960	.	T	G	Samples=50
11	15807978	.	C	A	Samples=4,11
11	15807990	.	C	T	Samples=9
