Sample;Read;Position;Type;Length
107R_2025-07-01;R;65419;deletion;2
107R_2025-07-01;R;65425;insertion;4
107R_2025-07-01;R;65469;insertion;1
10F;F;65250;insertion;1
10F;F;65262;insertion;1
10R_2025-07-01;R;65514;insertion;1
14J.F;F;65263;insertion;1
21F;F;65309;insertion;1
21F;F;65317;insertion;1
21F;F;65361;deletion;2
21F;F;65370;insertion;5
21F;F;65471;insertion;2
21R_2025-07-01;R;65413;insertion;9
21R_2025-07-01;R;65419;deletion;6
21R_2025-07-01;R;65475;insertion;1
24J.F;F;65317;insertion;1
24J.F;F;65367;insertion;1
24J.F;F;65472;insertion;1
26J.F;F;65252;insertion;2
27J.F;F;65366;insertion;1
27J;R;65417;insertion;1
27J;R;65540;insertion;1
28F;F;65468;deletion;1
28F;F;65473;insertion;3
33F;F;65261;insertion;1
49F;F;65320;insertion;1
49R_2025-07-01;R;65176;insertion;1
49R_2025-07-01;R;65514;insertion;1
50.2F;F;65261;insertion;1
52;R;65471;deletion;1
