Sample,Read,Position,Type,Length
10,F,6139,insertion,1
10,R,6656,deletion,1
10,R,6664,deletion,1
12,F,6197,insertion,1
12,R,6123,deletion,1
12,R,6590,insertion,1
12,R,6607,insertion,1
12,R,6659,insertion,1
13,F,6106,insertion,1
13,F,6156,insertion,2
13,F,6646,deletion,7
13,F,6655,insertion,3
16,F,6157,insertion,1
16,F,6169,deletion,1
16,F,6201,deletion,1
16,F,6226,deletion,1
16,F,6234,deletion,1
16,F,6271,insertion,1
16,R,6590,insertion,1
16,R,6667,insertion,1
1d,F,6076,insertion,1
1d,F,6644,deletion,1
1d,R,6123,deletion,1
1d,R,6132,deletion,1
26,F,6162,deletion,1
26,F,6170,deletion,1
26,F,6181,deletion,1
26,F,6625,deletion,1
26,R,6565,insertion,1
26,R,6590,insertion,1
26,R,6618,insertion,1
26,R,6643,insertion,1
26,R,6656,insertion,1
26,R,6675,deletion,1
26,R,6693,insertion,1
29,F,6197,insertion,1
29,R,6575,deletion,1
3d,F,6157,insertion,1
3d,F,6657,deletion,6
3d,F,6668,insertion,2
4,F,6197,insertion,1
4,F,6675,deletion,1
4,F,6682,deletion,1
4,R,6661,insertion,1
4,R,6672,insertion,1
50.F,F,6078,deletion,1
50.F,F,6096,deletion,1
50.F,F,6132,deletion,1
50.F,F,6151,deletion,1
50.F,F,6182,deletion,1
5,R,6114,deletion,1
5,R,6123,deletion,1
5,F,6197,insertion,1
50,R,6191,deletion,1
50,R,6295,insertion,1
50,R,6305,deletion,1
6.F,F,6117,deletion,1
6.F,F,6197,insertion,1
6,R,6114,deletion,1
6,R,6590,insertion,1
7,F,6197,insertion,1
7,F,6226,deletion,1
7,F,6240,deletion,1
7,F,6651,deletion,5
7,F,6659,insertion,6
7,F,6663,deletion,4
7,R,6123,deletion,1
7,R,6132,deletion,1
7,R,6641,deletion,1
7,R,6656,deletion,1
7,R,6667,insertion,1
7,R,6695,deletion,1
8.F,F,6151,deletion,1
8,R,6590,insertion,1
9.1ACE3F,F,6096,deletion,1
9.1ACE3F,F,6129,deletion,1
9.1ACE3F,F,6182,deletion,1
9,R,6123,deletion,1
9.1F,F,6061,insertion,1
9.1F,F,6117,deletion,1
9,F,6157,insertion,1
9,R,6590,insertion,1
9,R,6616,insertion,1
9,R,6709,insertion,1
M,F,6157,insertion,1
M,R,6646,insertion,1
M,R,6653,insertion,1
M,R,6672,insertion,1
M,R,6712,insertion,1
